"a1_val","gam_val","mean_TM","LCI_Tm","UCI_Tm","mean_Rj","LCI_Rj","UCI_Rj","Gift","Neutral","LCI_Neutral","UCI_Neutral","M","Beta","M_m","F_m","Mf_nupt","Mf_no_nput","Replicates"
0.3,0,-0.047770871835443,-0.0491028246835443,-0.0465049272151899,-0.0446838487341772,-0.0460752382911392,-0.0432713037974684,0.00270484430379747,0.000708160443037975,-0.00154898164556962,0.00278303955696203,0.77918618164557,0.777397137341772,0.55435460221519,0.953584528164557,0.00578838607594937,1.99936490094937,3160
0.3,0.1,-0.0409793214285714,-0.0423606353571429,-0.0395212117857143,-0.0449852978571429,-0.0464808921428571,-0.0434152289285714,0.00524490035714286,-0.0010552525,-0.00325584785714286,0.00119312178571429,0.778779701428571,0.780957390714286,0.556328183571429,0.952271084642857,0.0111809510714286,1.98874847714286,2800
0.3,0.2,-0.0263908884615385,-0.0282105961538462,-0.0247107565384615,-0.0452349146153846,-0.0467270346153846,-0.0437455526923077,0.0162196876923077,-0.00187177423076923,-0.00420905730769231,0.000497580384615385,0.777216338846154,0.790295116923077,0.556540807307692,0.951317631153846,0.0346681661538462,1.96158486192308,2600
0.3,0.3,-0.00283719811320755,-0.00777628867924528,0.00190900754716981,-0.0439212396226415,-0.0476286716981132,-0.0407100679245283,0.0451954849056604,0.00148322641509434,-0.00402924905660377,0.00681584905660377,0.771252850943396,0.830236418867925,0.554445430188679,0.950067890566038,0.0926692264150943,1.89954040566038,530
0.2,0,-0.0484046527317881,-0.0498867168874172,-0.0467794714403974,-0.0426284842715232,-0.0441296287251656,-0.0411050972682119,0.0041403613410596,-0.000159550496688742,-0.0028961303807947,0.00223671067880795,0.777931690397351,0.778587968543046,0.554410916804636,0.951742980960265,0.00873568708609272,1.9927253240894,2416
0.2,0.1,-0.0362317972727273,-0.0378852754545455,-0.0344322859090909,-0.0452497454545455,-0.0469183127272727,-0.0435234372727273,0.0129266036363636,0.00061012,-0.00207730090909091,0.00309577090909091,0.778300770454545,0.784870202727273,0.555920651363636,0.952553976818182,0.0262871859090909,1.97478723954545,2200
0.2,0.2,-0.00230630384615385,-0.00469249519230769,-7.49711538461541e-06,-0.0436287014423077,-0.0452586264423077,-0.0419650807692308,0.0599956774038462,0.00165363557692308,-0.00121648653846154,0.00437798653846154,0.773535494230769,0.815123598076923,0.555188982692308,0.950749469711539,0.125540513461538,1.86113411778846,2080
0.2,0.3,0.0549809946360153,0.0519647325670498,0.0580708881226054,-0.0440524153256705,-0.0465166252873563,-0.0416358505747126,0.167712770114943,-0.00120250881226054,-0.00478851954022988,0.00237262681992337,0.760966055172414,0.927562888888889,0.558505678927203,0.947362872030651,0.348750110344828,1.61567575785441,1305
0.9,0,-0.0496052643478261,-0.0512125813043478,-0.0481536073913044,-0.0448407204347826,-0.0466081186956522,-0.0431580986956522,0.000816664782608696,-6.57060869565216e-05,-0.00272453217391304,0.00248061782608696,0.77883611173913,0.777440973478261,0.554048962173913,0.95326668,0.00188515608695652,1.99935163347826,2300
0.9,0.1,-0.0469830130434783,-0.0486373339130435,-0.0454723847826087,-0.0451944430434783,-0.0467559360869565,-0.0436099686956522,0.0010905347826087,-0.00123869217391304,-0.00386146782608696,0.00123007652173913,0.77777073173913,0.776623332173913,0.552978993043478,0.952171013043478,0.00207841913043478,2.0032125773913,2300
0.9,0.2,-0.0454424691304348,-0.0471390934782609,-0.04374232,-0.044268222173913,-0.0459998817391304,-0.0426973047826087,0.00146291826086957,-0.000613241739130435,-0.00325922739130435,0.00192988782608696,0.778908018695652,0.781617599130435,0.553953275217391,0.954520865652174,0.00293834434782609,2.00210327043478,2300
0.9,0.3,-0.0421249391304348,-0.0437857930434783,-0.040510997826087,-0.0442746404347826,-0.0458881982608696,-0.0427020904347826,0.00184874217391304,-0.000399900434782609,-0.0030021152173913,0.00225390565217391,0.778072274782609,0.781564937826087,0.554436284347826,0.95250121173913,0.00394556043478261,1.99581111086957,2300
0.9,0.4,-0.0376286634782609,-0.0393189995652174,-0.0359338469565217,-0.0444781004347826,-0.045981592173913,-0.0427853034782609,0.00263235,0.000312661304347826,-0.00226189826086957,0.00263448739130435,0.778560872173913,0.784567595217391,0.554804146521739,0.953567176521739,0.00569125260869565,1.99819439782609,2300
0.9,0.5,-0.03192659,-0.0338915926086957,-0.0299993960869565,-0.0446765960869565,-0.0463588926086957,-0.0430340282608696,0.00425832869565217,0.00041696652173913,-0.00199344826086957,0.00289357217391304,0.77762665,0.786880377391304,0.556185707826087,0.951485599565217,0.00881293869565217,1.98799442130435,2300
0.9,0.6,-0.026491992540588,-0.028601877577885,-0.0244773826239579,-0.045017702501097,-0.0467048262395788,-0.0432482053532251,0.00601265028521281,0.000773721807810443,-0.00168779376919702,0.00355833260201843,0.775956965335673,0.79217329047828,0.552984283457657,0.952060529618254,0.0126341500658183,1.99057782887231,2279
0.9,0.7,-0.0197101878487291,-0.0221974841909485,-0.0172040452572846,-0.0419064792312461,-0.0438403738375697,-0.0401414091754495,0.00897220520768754,0.0015317786732796,-0.00163337445753255,0.00472823434593924,0.775510668939864,0.801054492870428,0.557766926224427,0.949557582765034,0.0193099355238686,1.97158484376937,1613
0.9,0.8,-0.00563988533333333,-0.00860308933333333,-0.00261143,-0.0446088993333333,-0.0467176693333333,-0.0424241933333333,0.0147272773333333,-0.000769722,-0.003829524,0.00250181066666667,0.772436443333333,0.81877012,0.55459368,0.950144717333333,0.0303261906666667,1.958445104,1500
0.9,0.9,0.0105006836803224,0.00735421289456011,0.0134374768300873,-0.0454207273337811,-0.0474269664204164,-0.0433704298186703,0.0221789785090665,-0.000811503693754197,-0.00423052518468771,0.00257512088650101,0.770294500335796,0.841553756212223,0.555378201477502,0.950129294157152,0.0465648650100739,1.93191646877099,1489
0.9,1,0.0267610056044836,0.0229420368294636,0.0301805476381105,-0.0435460368294636,-0.0458372449959968,-0.0412509407526021,0.0304161857485989,-0.00137034987990392,-0.00482428983186549,0.00218762770216173,0.76774474939952,0.87073648358687,0.561231737389912,0.946012508406725,0.0630257862289832,1.90165128823058,1249
0.4,0,-0.0476516078574027,-0.04910634048745,-0.0461718024736268,-0.0452258304838123,-0.0466050592942888,-0.0437917158966897,0.00186406184066933,0.000407784285194616,-0.00176371589668971,0.0027807082575482,0.779455895962168,0.776937670789378,0.554905463077483,0.953806030920335,0.00394863841396872,1.99729206802474,2749
0.4,0.1,-0.0431507920833333,-0.04478949375,-0.0414749395833333,-0.045392435,-0.0469862025,-0.0439395595833333,0.0032471225,0.000850785416666667,-0.00158005125,0.00325463416666667,0.779525824583333,0.781239830416667,0.557978913333333,0.952314505833333,0.00711855875,1.99333378208333,2400
0.4,0.2,-0.0361669512605042,-0.0378009264705882,-0.0344319403361345,-0.0445988949579832,-0.0462596827731092,-0.043109031512605,0.00690259495798319,-0.000105526470588235,-0.00263660630252101,0.00246473235294118,0.777596645378151,0.783544192436975,0.555700837394958,0.951163419327731,0.0148888714285714,1.98342359285714,2380
0.4,0.3,-0.0206058601532567,-0.0231896315453384,-0.0180369674329502,-0.0431670159642401,-0.0450121621966794,-0.0412115632183908,0.0173860683269476,-0.000830390166028097,-0.00389766219667944,0.0026103275862069,0.774844504469987,0.802160303959132,0.55336549936143,0.951863400383142,0.0374197420178799,1.95911001277139,1566
0.4,0.4,0.00658179875,0.00258298,0.01070240125,-0.04614667625,-0.04920218625,-0.04351839,0.04208956,-0.0025968325,-0.00667348,0.00207852125,0.77134703625,0.8324919625,0.55626607625,0.9495635375,0.08827641625,1.89563981375,800
0.4,0.5,0.041931225,0.03717115375,0.04638305375,-0.04243432,-0.0453041125,-0.03988084625,0.0806995525,0.0015892025,-0.00271639375,0.005848235,0.76327638375,0.89693492625,0.55678960125,0.9467305325,0.169023415,1.79597159375,800
0.4,0.6,0.0725052675,0.06807894125,0.0768777175,-0.04358571,-0.04622037125,-0.040890885,0.114728295,0.00403161125,-0.0007608125,0.0086350025,0.755204955,0.96367949375,0.5586185525,0.9423813525,0.23415020875,1.7084105675,800
0.4,0.7,0.106986215,0.103403225,0.11081443375,-0.04244166625,-0.0455228875,-0.0393460325,0.15275751875,8.93812499999999e-05,-0.00450456,0.00479292,0.747346335,1.04201213,0.56216599625,0.93848824875,0.30981967375,1.607647685,800
0.4,0.8,0.134266629343629,0.12993268983269,0.137901902187902,-0.0399228172458172,-0.0430610926640927,-0.0367236988416988,0.182020371943372,-0.0020849806949807,-0.00676588803088803,0.00247113127413127,0.741198395109395,1.11661498712999,0.566605711711712,0.934029983268983,0.370492548262548,1.52972095109395,777
0.4,0.9,0.1544839,0.149305138,0.159541624,-0.042988248,-0.047450172,-0.03879867,0.200876568,0.005533388,-6.3628e-05,0.011075182,0.73308626,1.188071234,0.564880614,0.93027964,0.406903746,1.481215974,500
0.4,1,0.178054336569579,0.172811300970874,0.183511148867314,-0.0393236148867314,-0.0451747281553398,-0.0333022912621359,0.220950194174757,0.00137218770226537,-0.00628515533980582,0.00947430420711974,0.726946320388349,1.26102584789644,0.569438265372168,0.923766637540453,0.444726676375405,1.41157755339806,309
1.2,0,-0.0482562008064928,-0.0487771606860293,-0.0477107296717881,-0.044909672451636,-0.0454575639834618,-0.0443945757745904,0.000668234852738502,-0.000431887652493492,-0.00132043132050431,0.000563908478382931,0.778767377775509,0.778944230411924,0.5544017722934,0.953268692664999,0.00138676907763769,2.00157370813128,19591
1.2,0.1,-0.0470178087292818,-0.0475722368508287,-0.0464773206629834,-0.0448485357458564,-0.0454745395027624,-0.0442206627071823,0.000738824585635359,-0.000960485138121547,-0.00186890110497238,-9.88611602209946e-05,0.779135264254144,0.778967819447514,0.555379229447514,0.95320939519337,0.00163173011049724,2.0028534680663,18100
1.2,0.2,-0.0454176703514739,-0.0459844836734694,-0.0448396359410431,-0.0443685710884354,-0.0449516467687075,-0.0437799901927438,0.000918128458049887,-8.58302721088435e-05,-0.00104749421768707,0.000876383276643991,0.777873239569161,0.778955774886621,0.552960090646259,0.952797383219955,0.00195461332199547,2.00011774563492,17640
1.2,0.3,-0.0432336759023267,-0.0439944229219765,-0.0425778138617117,-0.0443817280276248,-0.0450672760832032,-0.0436932991038395,0.00113856811641865,0.000203966373427608,-0.000931116994162624,0.00140300994820357,0.778027152100633,0.780087959467237,0.553871682890734,0.952585104661679,0.00238172975417249,2.00011154534243,12163
1.2,0.4,-0.0415958636035603,-0.0424825386095742,-0.0406759630743325,-0.044372842675006,-0.0451931580466683,-0.0435582547510224,0.00131820002405581,-0.000781230334375752,-0.00221022696656242,0.000571243204233822,0.77783397101275,0.781525224560982,0.554061347606447,0.952450769425066,0.00277245537647342,1.99840616550397,8314
1.2,0.5,-0.0381387258539082,-0.0391080524497889,-0.037243570807215,-0.044646277855955,-0.0455934477421005,-0.0437647591147499,0.00184032301394397,-0.000785489701931687,-0.00220544889343738,0.000640628118203915,0.77782342727389,0.783848907637201,0.553999223998977,0.952901063707305,0.00393578380452859,1.99864434616861,7817
1.2,0.6,-0.0355441547185662,-0.0366402719126295,-0.034528516241949,-0.0436824570148418,-0.0445811769812378,-0.0427798580229628,0.00238839722766732,-0.00147042747129656,-0.0028498612433492,-9.44715765891908e-05,0.77741258933072,0.786838109073089,0.553780217726127,0.953022571408569,0.00507696709605153,1.99746809269112,7142
1.2,0.7,-0.0310177384888889,-0.0322277178666667,-0.0297816151111111,-0.0448263836444444,-0.0459324001777778,-0.0438404312888889,0.00329447484444444,0.00111399555555556,-0.000628851377777778,0.00271648266666667,0.776312719644444,0.787049581866667,0.553788809777778,0.951087619377778,0.00696336977777778,1.9911319232,5625
1.2,0.8,-0.0271061613965744,-0.0286989166666667,-0.0253837700922266,-0.0449742345191041,-0.046416970685112,-0.0436344005270092,0.00427831126482213,-0.00122497826086957,-0.00336950724637681,0.00096151581027668,0.775948115942029,0.793444654150198,0.552907017786561,0.952391314888011,0.00890359716732543,1.9896172516469,3036
1.2,0.9,-0.020033479245283,-0.0226549690566038,-0.0172861886792453,-0.0468589350943396,-0.0490165532075472,-0.0447562762264151,0.00627258188679245,0.00169341735849057,-0.00204669811320755,0.00527565433962264,0.773285513207547,0.804329918490566,0.551909179622642,0.950874265660377,0.0129271298113208,1.98170016377358,1325
1.2,1,-0.0109384591304348,-0.0159991773913043,-0.00643584869565217,-0.0460103252173913,-0.0494605808695652,-0.0427371547826087,0.00943757565217391,0.00339561565217391,-0.00155978608695652,0.00843238260869565,0.772372633043478,0.818036387826087,0.555526566956522,0.948915949565217,0.0199301704347826,1.96303836347826,575
0.5,0,-0.0480443098353736,-0.0496550282819755,-0.0464874685521317,-0.0445754630645842,-0.0461222532714225,-0.0429313364288729,0.0016430662726889,0.00182663782186577,-0.000751098353735753,0.00420236724356269,0.779416744617982,0.779545028281975,0.555789531447868,0.953518333896159,0.00343156479527227,2.00225537230899,2369
0.5,0.1,-0.0444220825,-0.046160862,-0.042650566,-0.044817739,-0.046521374,-0.0432558085,0.0022284755,0.000748517,-0.002080391,0.003364699,0.7787146895,0.776218178,0.554542797,0.9526235115,0.0045979855,1.999115505,2000
0.5,0.2,-0.0391109685,-0.0408405845,-0.0372853455,-0.0440901395,-0.0457173065,-0.042230826,0.0039710755,-0.0011907225,-0.003866971,0.001518781,0.7792275485,0.78300418,0.5550932975,0.954470437,0.008236253,1.995846068,2000
0.5,0.3,-0.0311309799235182,-0.0337486443594646,-0.0284539904397706,-0.0437744732313576,-0.04639682791587,-0.0413006128107075,0.00783811950286807,0.00109097036328872,-0.00259978298279159,0.00475970650095602,0.778185167304015,0.787227044933078,0.559195910133843,0.950128836520077,0.0166880975143403,1.97422417017208,1046
0.6,0,-0.0461699765690377,-0.0476762263598326,-0.0446263707112971,-0.043609409623431,-0.0452388836820084,-0.0420992916317992,0.00146659581589958,-0.000605861506276151,-0.00333840125523013,0.00200232719665272,0.778087335564854,0.780010705857741,0.553366509205021,0.953076315062761,0.00330606610878661,1.99929625146444,2390
0.6,0.1,-0.0446024055,-0.0462689815,-0.0428948585,-0.043435147,-0.0451349395,-0.0418083385,0.0017639275,-0.0002996895,-0.0029196365,0.0024984875,0.777531142,0.777143103,0.5539533985,0.9509815345,0.0038414455,1.996899015,2000
0.6,0.2,-0.0414394465,-0.0431990365,-0.039667016,-0.045288164,-0.0470254825,-0.0433903825,0.0028224105,0.001428011,-0.001334907,0.0041963735,0.7794254175,0.7814068685,0.557388918,0.95262242,0.0059522585,1.993963655,2000
0.6,0.3,-0.0368791155682904,-0.0397218748806113,-0.0342510955109838,-0.0446975186246418,-0.0471786160458453,-0.0425694613180516,0.00449216045845272,0.00151122158548233,-0.00214695033428844,0.00523505157593123,0.778257966571156,0.777685542502388,0.552942063992359,0.953128499522445,0.00910171346704871,1.99424714995224,1047
0.7,0,-0.0473522858517806,-0.0488643368623677,-0.0457813893166506,-0.0453197574590953,-0.0471354874879692,-0.0436177767083734,0.001123322906641,-0.000196564003849856,-0.00284609191530318,0.00268829932627526,0.777295459576516,0.782192100577478,0.552389385466795,0.952957234841193,0.00232151828681424,2.00058487824832,2078
0.7,0.1,-0.0456746745,-0.0473759795,-0.0441405015,-0.04447598,-0.0462116965,-0.042816693,0.0013816115,5.09e-05,-0.0025978055,0.0026492875,0.777442139,0.7793907365,0.552028817,0.952714839,0.0029788075,2.001288301,2000
0.7,0.2,-0.043409223,-0.04527645,-0.04165489,-0.0432648615,-0.0449242565,-0.041500683,0.002066943,0.0020907235,-0.0005621715,0.00487074,0.777455265,0.7832072995,0.552360628,0.9534281025,0.004311387,2.000994358,2000
0.7,0.3,-0.0396340643236074,-0.0417829416445623,-0.0375463481432361,-0.0454814628647215,-0.0475220643236074,-0.0434925795755968,0.0030862175066313,0.00256745557029178,-0.000671042440318302,0.00570448209549072,0.776344342175066,0.785767179708223,0.55273974403183,0.951619523209549,0.0063079449602122,1.99603434151194,1508
0.1,0,-0.0484736475,-0.050212613,-0.0468890605,-0.044565373,-0.046297877,-0.0429185285,0.0080073635,-0.000788189,-0.003627854,0.0021293025,0.778825652,0.780879182,0.5560473885,0.95257073,0.0171062105,1.9819164725,2000
0.1,0.1,-0.008073076,-0.0101951735,-0.0058459055,-0.041351962,-0.042981325,-0.0396701975,0.0857034065,-0.0003648585,-0.0031224085,0.00255897,0.7726838525,0.808994352,0.552945278,0.9500378845,0.1771502015,1.80881606,2000
0.1,0.2,0.0638209406565657,0.0616963977272727,0.0658739640151515,-0.0401166717171717,-0.0422780631313131,-0.0379687910353535,0.307563440656566,-0.00195689898989899,-0.0052270101010101,0.00128221717171717,0.757919555555556,0.940892640151515,0.557619527146465,0.945426880681818,0.641367639520202,1.32039909722222,1584
0.1,0.3,0.0993828216666667,0.0977756733333333,0.100977085833333,-0.0366069375,-0.039333615,-0.0338103691666667,0.397774870833333,0.0016764925,-0.00205077833333333,0.00537562916666667,0.750591399166667,1.03826542583333,0.565672824166667,0.941547241666667,0.8171469575,1.1073769775,1200
0.1,0.4,0.120162529166667,0.11872222,0.121663095,-0.0309924425,-0.0337742566666667,-0.0282367258333333,0.437863224166667,0.00209780833333333,-0.00195079666666667,0.00579946333333333,0.7398191975,1.1329228775,0.565088853333333,0.936937364166667,0.893705339166667,1.01674433833333,1200
0.1,0.5,0.134471777673546,0.132964519699812,0.135894887429644,-0.0296953508442777,-0.0326531060037523,-0.0266549305816135,0.455105533771107,0.00014762851782364,-0.0043428330206379,0.00455241463414634,0.73750559380863,1.21431402251407,0.57368641369606,0.93565582739212,0.933314040337711,0.971010070356473,1066
0.1,0.6,0.143429441,0.141744941,0.144971766,-0.030886178,-0.034379155,-0.027401452,0.463600194,0.001748571,-0.002337494,0.005550575,0.733334178,1.288082054,0.577742238,0.933004821,0.942450643,0.945218386,1000
0.1,0.7,0.152292329,0.15075888,0.153722821,-0.030171416,-0.03384513,-0.026632319,0.470266592,-0.000785907,-0.005601888,0.004324779,0.730831992,1.356764767,0.582164998,0.932103316,0.952597288,0.929730375,1000
0.1,0.8,0.158211071,0.156735831,0.159446312,-0.026895213,-0.030266977,-0.023499087,0.470863121,-0.001985091,-0.00642491,0.002601104,0.729674853,1.433246382,0.585257223,0.93583394,0.964483999,0.918865208,1000
0.1,0.9,0.163103009174312,0.161211888073394,0.165084966972477,-0.0240814366972477,-0.0292759376146789,-0.0193364972477064,0.472375765137615,0.00449290825688073,-0.00127210091743119,0.0099278623853211,0.728159326605505,1.4944897412844,0.590274704587156,0.933144842201835,0.956481506422018,0.914051196330275,545
0.2,0.4,0.0972953566666667,0.0944655333333333,0.1000902775,-0.0387892616666667,-0.0411343375,-0.0364266191666667,0.248784116666667,-0.000411489166666667,-0.0040830525,0.00359666,0.7516920025,1.02189088,0.5652080425,0.940897014166667,0.51118715,1.41621320583333,1200
0.2,0.5,0.129737984149856,0.126251278097983,0.13289724351585,-0.0384763904899135,-0.0420134106628242,-0.0350873948126801,0.302118612391931,0.00215318587896254,-0.00262996974063401,0.00726304034582133,0.737821528818444,1.11974235302594,0.562954113832853,0.932307093659942,0.613312550432277,1.2879857204611,694
0.2,0.6,0.147103815,0.14243897,0.15142527,-0.03761755,-0.04257304,-0.03290288,0.3220370775,0.0017358675,-0.0054566225,0.0084633275,0.7366339275,1.1920195575,0.5710495,0.93223787,0.6511809275,1.2266146175,400
0.2,0.7,0.168837375,0.16591051,0.1718666075,-0.0324590125,-0.037661995,-0.027799015,0.34973668,0.0038910425,-0.00246416,0.0101016075,0.73210138,1.275486225,0.573351185,0.9337938075,0.7038210725,1.173893575,400
0.2,0.8,0.18366647,0.180917165,0.18636366,-0.034454585,-0.0395809875,-0.02927515,0.362951215,0.0001863575,-0.006543665,0.007175,0.726883015,1.3542403525,0.5781894475,0.9271885675,0.732764775,1.128642715,400
0.2,0.9,0.193633477031802,0.19058161130742,0.196600300353357,-0.0322419823321555,-0.0386503427561837,-0.0257352862190813,0.371424929328622,-0.00454583038869258,-0.0130405724381625,0.00349106007067138,0.72650777385159,1.41444804240283,0.584057074204947,0.927394734982332,0.734840176678445,1.11555801060071,283
0.8,0,-0.0497142947894361,-0.0512286784439686,-0.0482352819414704,-0.0445157680228408,-0.0460722373304782,-0.0430266655960029,0.000935493219129193,-1.08404710920772e-05,-0.00224675303354747,0.00236591898643826,0.778795910421128,0.778426547466096,0.554190390435403,0.953210779800143,0.0019785585296217,2.00078375017844,2802
0.8,0.1,-0.0462337411111111,-0.0475505337037037,-0.0447618811111111,-0.0452944551851852,-0.0468096533333333,-0.0437890366666667,0.00118559037037037,-0.00029409037037037,-0.00256020444444444,0.00216836555555556,0.778060315185185,0.779016947037037,0.55351399037037,0.952683847407407,0.0023771137037037,2.00075387814815,2700
0.8,0.2,-0.0444378651352353,-0.0458344149685069,-0.0429999566506113,-0.0455488291959985,-0.0471777187847351,-0.0439230589107077,0.00150774138569841,0.000115672471285661,-0.00219017265653946,0.00253489736939607,0.778733247869581,0.780735794738792,0.554699424601704,0.953327316783994,0.0031609596146721,1.99758344460911,2699
0.8,0.3,-0.0401776900891453,-0.0419701373885684,-0.038395117986366,-0.0446012527530152,-0.0464692275825905,-0.0429725506030414,0.00234106187729418,0.000689159937073938,-0.00208752281069743,0.00353333613004719,0.777190130571578,0.781873810697431,0.553139083377032,0.952046558993183,0.00500073990561091,1.99578155427373,1907
0.8,0.4,-0.0360852926315789,-0.03812118,-0.0342130921052632,-0.0449773094736842,-0.0467435389473684,-0.0430591636842105,0.00372004368421053,-0.00111548631578947,-0.00394459894736842,0.00173693842105263,0.779213576315789,0.78338878368421,0.555424673157895,0.954255602105263,0.00788177105263158,1.99604834789474,1900
0.8,0.5,-0.0306639584210526,-0.0327017747368421,-0.0285416710526316,-0.04694711,-0.0487742063157895,-0.0451840894736842,0.00536346368421053,-0.00100237315789474,-0.00386231631578947,0.00185104526315789,0.776589334210526,0.79101743,0.553525623684211,0.952568788947368,0.0111688557894737,1.99256723473684,1900
0.8,0.6,-0.0197226263157895,-0.0221074378947368,-0.0174227610526316,-0.0443030689473684,-0.0460906452631579,-0.0427103242105263,0.00912676894736842,0.000487472105263158,-0.00239584421052632,0.00331597789473684,0.777000965789474,0.797160851052632,0.558486751052632,0.95082587631579,0.0184806873684211,1.97606511473684,1900
0.8,0.7,-0.00830912157894737,-0.0107715136842105,-0.00594445684210526,-0.0452577473684211,-0.0470480463157895,-0.0435570821052632,0.0150998463157895,0.00210079842105263,-0.000623584210526316,0.00479643684210526,0.774086947894737,0.809893355789474,0.55538575,0.950578473684211,0.0323060205263158,1.95641617789474,1900
0.8,0.8,0.00928582947368421,0.00636836631578947,0.0120694842105263,-0.0443909721052632,-0.0461854684210526,-0.0426143347368421,0.0246726410526316,0.00243915736842105,-0.000302542631578947,0.00555685736842105,0.769049642631579,0.841703547894737,0.553199756842105,0.949618885263158,0.0514924963157895,1.93249141631579,1900
0.8,0.9,0.0290792926571579,0.0260781664025357,0.0319755641838352,-0.0445016064447966,-0.0463834051769678,-0.0426937554146857,0.0350490924458531,0.00145868304278922,-0.00146565927099842,0.004297823560486,0.765211843106181,0.874589391970417,0.554576273639725,0.948007250396196,0.0725789017432647,1.89549770522979,1893
1,0,-0.0495048255,-0.0513380595,-0.0478285295,-0.0450738205,-0.046872467,-0.0434556625,0.000939307,0.0018830265,-0.0009645555,0.004549272,0.778078847,0.7847836625,0.554256517,0.9534195205,0.001882792,1.998672953,2000
1,0.1,-0.047428723,-0.049186363,-0.0458117165,-0.0457770835,-0.0476760955,-0.044035129,0.0010340605,-0.0023395695,-0.0051728535,0.0003551795,0.777438346,0.780511233,0.553936607,0.9515911935,0.0020524075,1.9945756375,2000
1,0.2,-0.045430005,-0.047069687,-0.043681504,-0.0437940955,-0.0455632115,-0.042222642,0.001119694,-0.001514889,-0.004315246,0.0012374245,0.780641153,0.7790075155,0.5580815925,0.953769337,0.0023661275,2.0029605185,2000
1,0.3,-0.0429424555,-0.0448177265,-0.0412922005,-0.0446106735,-0.046334647,-0.0428357805,0.0014197385,-0.001446064,-0.003979101,0.0011949205,0.7783543865,0.778879002,0.555592494,0.951585926,0.00295777,1.9966673085,2000
1,0.4,-0.040510202,-0.042330714,-0.038790976,-0.044905014,-0.046580493,-0.0431042205,0.00195493,-0.001103181,-0.0038674255,0.001573915,0.7777326965,0.7797734965,0.5522856775,0.9533228385,0.004062559,1.9998099805,2000
1,0.5,-0.0369134019457245,-0.0387792309267793,-0.0350543963133641,-0.0436871643625192,-0.0454133553507424,-0.0421243108038915,0.00270665796210958,-0.00169272247823861,-0.00449867025089606,0.00106909779825909,0.778450379416283,0.785153585253456,0.554701521761393,0.953778826420891,0.00545975780849974,1.99950676600102,1953
1,0.6,-0.0306571193277311,-0.0326613703081233,-0.0286779535014006,-0.0446535053221289,-0.0464595473389356,-0.0429149602240896,0.00387594341736695,-0.000746537254901961,-0.00347150644257703,0.00216670420168067,0.776927968627451,0.790534599439776,0.553813407843137,0.952905818487395,0.00808144369747899,1.99559616806723,1785
1,0.7,-0.0230289351432881,-0.0267656907993967,-0.019559371040724,-0.0444790422322775,-0.0476856003016591,-0.0415814102564103,0.00651820060331825,0.00208497737556561,-0.00302366365007541,0.0070380467571644,0.774702327300151,0.79918341025641,0.551851775263952,0.95243774811463,0.0132018431372549,1.98628502111614,663
1,0.8,-0.014569705,-0.021665605,-0.007282765,-0.046626235,-0.05271301,-0.04082546,0.009997495,0.00566863,-0.002178035,0.01368849,0.7765302,0.807821915,0.556229465,0.953562115,0.02044076,1.968661335,200
1,0.9,-0.00339590419161677,-0.0119363053892216,0.00510562275449102,-0.0461313832335329,-0.0516778982035928,-0.0404394311377246,0.0138744131736527,-0.00626147904191617,-0.0159124431137725,0.00405597604790419,0.774596071856287,0.828861730538922,0.56396274251497,0.948347371257485,0.0305452874251497,1.94933381437126,167
0.7,0.4,-0.03273714,-0.0353533858333333,-0.0302963975,-0.0455358733333333,-0.0477897375,-0.0432293233333333,0.00498875,0.00184706,-0.00179443083333333,0.00517262833333333,0.777488579166667,0.786310290833333,0.554731046666667,0.9522064275,0.0106783158333333,1.99144291666667,1200
0.7,0.5,-0.0207352808333333,-0.02332636,-0.0179469708333333,-0.0438600408333333,-0.0460342741666667,-0.0418079316666667,0.00974288583333333,0.00125789166666667,-0.00238772083333333,0.00462538666666667,0.775619628333333,0.798893966666667,0.554016935,0.951995988333333,0.0207671116666667,1.978885775,1200
0.7,0.6,-0.0106114766666667,-0.0137557016666667,-0.00744985083333333,-0.044657135,-0.0469052291666667,-0.0424657841666667,0.0160373516666667,0.00232999583333333,-0.00120784583333333,0.00577589166666667,0.771164345833333,0.81465075,0.5520646925,0.948783109166667,0.0336278725,1.9549430125,1200
0.7,0.7,0.00709414416666667,0.0033725175,0.0105093358333333,-0.0443845158333333,-0.0468159891666667,-0.04209037,0.0262180291666667,0.00102590083333333,-0.00265770083333333,0.00446180416666667,0.769576330833333,0.842925635833333,0.55505318,0.949072485,0.0537986458333333,1.92470012166667,1200
0.7,0.8,0.0324951025,0.0290087008333333,0.0362805766666667,-0.0432370866666667,-0.0456388533333333,-0.0411113791666667,0.0422388625,-0.0005970275,-0.00406377666666667,0.00294995083333333,0.761395959166667,0.882919658333333,0.549269431666667,0.94687073,0.0881405425,1.879631035,1200
0.7,0.9,0.0531340375,0.0496744916666667,0.05644942,-0.0432277441666667,-0.04549504,-0.0409917858333333,0.0550297333333333,0.0004767175,-0.00325981333333333,0.0038224325,0.7585150125,0.922155883333333,0.556694315,0.942651334166667,0.1124214725,1.84198458416667,1200
0.7,1,0.0779746846846847,0.0741377261261261,0.081875009009009,-0.0436551441441441,-0.0461070612612613,-0.0411562621621622,0.0731757711711712,0.00256167117117117,-0.000865658558558559,0.00593290630630631,0.753730794594595,0.970843030630631,0.55858035045045,0.941211569369369,0.150911072972973,1.78938014684685,1110
0.7,1.1,0.09961165875,0.09488919,0.10429030875,-0.04377915875,-0.04656945625,-0.04098469875,0.0900691125,-0.00168186,-0.0066978075,0.00295529875,0.74575655625,1.03496162625,0.5584839725,0.93719801375,0.18229413875,1.7437330375,800
0.7,1.2,0.11922197,0.11459357375,0.1238730975,-0.04219997125,-0.04517877375,-0.0392638325,0.1028991225,-0.00203723375,-0.0066126775,0.002761695,0.744537275,1.0805434025,0.5678127675,0.93311524,0.20776676875,1.6967359175,800
0.7,1.3,0.1354051675,0.13039841,0.14007397,-0.0461814225,-0.04953786125,-0.0429314675,0.1133907525,0.00138001625,-0.00325980875,0.00598106125,0.7380229275,1.13783611,0.5627463025,0.93481534,0.22993055,1.66822337375,800
0.7,1.4,0.15619284,0.15224600625,0.16026778125,-0.0419848825,-0.04516856,-0.03873577375,0.12639741375,-0.000101645,-0.00483192375,0.00439636875,0.7344171975,1.1877252725,0.56708024,0.93090456625,0.25312656375,1.63413579875,800
0.7,1.5,0.16803740875,0.1632292575,0.17263771625,-0.04248708875,-0.04543555375,-0.039372815,0.1333926,-0.00386948875,-0.008265155,0.0006723375,0.7301377375,1.231529005,0.56890580875,0.926363355,0.26983520625,1.6003656375,800
0.7,1.6,0.18507485,0.18030165,0.18930197875,-0.04355841,-0.04694056125,-0.040086505,0.143961395,0.00129494,-0.00401339125,0.0061555375,0.7283822275,1.2841331375,0.5721341875,0.92637763,0.28809550625,1.57006818375,800
0.7,1.7,0.20372553814147,0.199667549237171,0.207630689320388,-0.039664705963939,-0.0431053134535368,-0.0361364077669903,0.154365474341193,0.00175494174757282,-0.00322237031900139,0.0069205839112344,0.725915199722608,1.33953022884882,0.57445045631068,0.926747844660194,0.309235574202497,1.54451778363384,721
1.1,0,-0.048608835,-0.050420173,-0.046808957,-0.0437780885,-0.045505082,-0.0420985675,0.000731049,4.69049999999999e-05,-0.002610169,0.002682952,0.77941941,0.7783385805,0.555522271,0.953352028,0.001489229,2.004817021,2000
1.1,0.1,-0.046614304,-0.048355375,-0.044949456,-0.044341023,-0.0462262455,-0.042438181,0.0009257455,-0.002687093,-0.0055142485,0.000100463,0.7795018655,0.7813028645,0.556337238,0.9536109405,0.001883935,2.005278127,2000
1.1,0.2,-0.043668693,-0.045293706,-0.042072683,-0.0431476365,-0.044837415,-0.041491229,0.0010568905,0.000429273,-0.002416008,0.0033243035,0.776756312,0.7783261655,0.5537415805,0.950000027,0.0022635925,1.9927055975,2000
1.1,0.3,-0.043855542,-0.0456226845,-0.0421653815,-0.043748119,-0.04552068,-0.041965091,0.0011167315,0.0012609555,-0.0015013475,0.0039888595,0.7781173485,0.7813136515,0.555652359,0.951592653,0.002364439,1.9969873005,2000
1.1,0.4,-0.0406193565,-0.042292024,-0.0388601235,-0.0443264365,-0.046062657,-0.0425527785,0.001471857,0.0029312725,3.00600000000001e-05,0.005483873,0.7771786945,0.7826999925,0.553584299,0.951890978,0.0029853105,2.000251572,2000
1.1,0.5,-0.0364650177548683,-0.038455432416953,-0.0342946832760596,-0.0461665378006873,-0.0481092468499427,-0.0443494163802978,0.00224831443298969,-0.00242867010309278,-0.00543078865979381,0.00072480412371134,0.779051587628866,0.781222798969072,0.556004580183276,0.952972658648339,0.00467628865979381,1.99634478293242,1746
1.1,0.6,-0.0343697329842932,-0.0370398282722513,-0.0316143602094241,-0.0430761445026178,-0.0455119581151832,-0.0405506167539267,0.00299602617801047,-0.00119200104712042,-0.00506220523560209,0.00269932984293194,0.776187065968586,0.781802080628272,0.553281630366492,0.950077954973822,0.0062808219895288,1.98847137382199,955
1.1,0.7,-0.03491201,-0.04429758,-0.02558183,-0.04311846,-0.05063428,-0.03518048,0.00363134,0.01087277,0.00087751,0.02141257,0.77196883,0.79761475,0.54592576,0.95151836,0.00742009,2.00002455,100
1.1,0.8,-0.02565317,-0.03469867,-0.01603193,-0.04604423,-0.05516038,-0.0380432,0.00488541,-0.00719714,-0.01815931,0.00535249,0.77519721,0.79353465,0.55121397,0.95258847,0.01140669,1.97981916,100
1.1,0.9,-0.0142641595744681,-0.0243392553191489,-0.00399739361702128,-0.0473971914893617,-0.0566975531914894,-0.0391511489361702,0.00823817021276596,-0.00370903191489362,-0.0163960957446809,0.00830862765957447,0.775775319148936,0.810960936170213,0.553162829787234,0.956007872340426,0.0170060425531915,2.00491612765957,94
0.8,1,0.04746773894081,0.0442904130841121,0.050592631152648,-0.0434111352024922,-0.0454625451713396,-0.0415194380062305,0.0470296342679128,0.00222006230529595,-0.00110674517133956,0.00537873707165109,0.762319602492212,0.910216963239875,0.560068168224299,0.944918424922118,0.0980955190031153,1.85866442180685,1605
0.8,1.1,0.0660958171466845,0.0623879825853985,0.0698873348961822,-0.0450869732083054,-0.0473129470864032,-0.0430369859343603,0.0590001265907569,-0.00171027930341594,-0.00496148961821835,0.00144375619557937,0.755307667782987,0.954721123911587,0.558720332886805,0.940707479571333,0.120022034159411,1.82230242866711,1493
0.8,1.2,0.0875123604118993,0.0829052562929062,0.0920045961098398,-0.044179347826087,-0.0469371887871854,-0.0414170961098398,0.0720161533180778,0.00216607894736842,-0.00168928832951945,0.00649398169336384,0.752656741418764,0.997345136155606,0.56356557208238,0.938891655606407,0.148228398169336,1.78295813386728,874
0.8,1.3,0.10316643,0.095837105,0.1102340175,-0.04365021,-0.0478067225,-0.0393876125,0.0824465375,0.002213245,-0.0041940275,0.008700095,0.7420463425,1.054853825,0.557495055,0.9334577825,0.1673273975,1.7383028125,400
0.8,1.4,0.128976745,0.1220924325,0.1355497425,-0.0411793525,-0.04570835,-0.036650885,0.0974830425,0.00490261,-0.0014149175,0.0118136,0.7391014225,1.116236345,0.5613376425,0.9347989325,0.195297475,1.7155687075,400
0.8,1.5,0.148691412765957,0.139840485106383,0.156628659574468,-0.044422285106383,-0.0501142255319149,-0.0386857191489362,0.106878336170213,0.00596629361702128,-0.00280371914893617,0.0136974340425532,0.732727493617021,1.16814484680851,0.561288459574468,0.929979476595745,0.21965114893617,1.66902485531915,235
0.8,1.6,0.15864464,0.148988215,0.167740325,-0.04467419,-0.05137493,-0.03840981,0.113758785,-0.00578256,-0.01525399,0.003927105,0.73928223,1.203114125,0.573940795,0.934978985,0.23233668,1.658786095,200
0.8,1.7,0.170827545918367,0.160723367346939,0.179257076530612,-0.0475827397959184,-0.0545461989795918,-0.0409577551020408,0.122271739795918,-0.00259257142857143,-0.0122041173469388,0.00689227040816327,0.73203643877551,1.24103848979592,0.571364132653061,0.929171204081633,0.240897867346939,1.61666318367347,196
0.8,1.8,0.218676,0.218676,0.218676,-0.0197,-0.0197,-0.0197,0.160681,0.121052,0.121052,0.121052,0.735786,1.512605,0.638889,0.882353,0.352941,1.327731,1
0.9,1.1,0.0387253508333333,0.0347401183333333,0.0426867758333333,-0.04248453,-0.044835695,-0.0400676325,0.0370761016666667,0.00105553416666667,-0.00262733416666667,0.00478702166666667,0.764621185833333,0.894172570833333,0.561830543333333,0.943907074166667,0.0771922491666667,1.88264910166667,1200
0.9,1.2,0.0647517362409138,0.060408062305296,0.0696736323987539,-0.0436090249221184,-0.0464761568016615,-0.0410126095534787,0.0516265275181724,-0.0022254953271028,-0.00674401349948079,0.00193783696780893,0.757417892004154,0.952980195223261,0.557749829698858,0.945682170301142,0.106062170301142,1.84508163759086,963
0.9,1.3,0.078753965,0.073614885,0.08322838625,-0.0446282175,-0.04728581375,-0.041990315,0.05932684375,-0.00267108,-0.006869215,0.00177820875,0.7524304775,0.9799059275,0.55977308875,0.93903840125,0.1207026575,1.81280387,800
0.9,1.4,0.1005566325,0.09529712875,0.10511417625,-0.044619225,-0.04748706125,-0.04189843375,0.071136305,-0.0020577175,-0.0066926075,0.00210650625,0.74624033125,1.038905095,0.55903608,0.9384215,0.1449346625,1.78074656375,800
0.9,1.5,0.119430941176471,0.111463780392157,0.127228647058824,-0.0447852235294118,-0.0501526784313725,-0.0392067098039216,0.080979137254902,-0.00435602352941176,-0.0133071058823529,0.00400297647058824,0.74351617254902,1.08006056470588,0.562325090196078,0.937449439215686,0.164059482352941,1.75934243529412,255
1.2,1.1,-0.00154519,-0.00795382666666667,0.00470207666666667,-0.0416172333333333,-0.04627842,-0.0372331233333333,0.0123331733333333,0.00479284666666667,-0.00259445333333333,0.0127862933333333,0.769962546666667,0.823475183333333,0.55318398,0.94775766,0.0246002333333333,1.96826829333333,300
1.2,1.2,0.0073834,0.000487906666666667,0.01418432,-0.0452799866666667,-0.0501106666666667,-0.04100228,0.0149210966666667,-0.000442253333333333,-0.00781694666666667,0.00693249,0.766960453333333,0.84613406,0.548166403333333,0.950845986666667,0.03323867,1.9645536,300
1.2,1.3,0.0194586133333333,0.0113581833333333,0.0262177533333333,-0.0437727833333333,-0.0482759566666667,-0.0393910533333333,0.0204166966666667,-0.00167412,-0.00902693333333333,0.00534772,0.768241546666667,0.851875596666667,0.552925033333333,0.95068863,0.0407896566666667,1.93810321,300
1.2,1.4,0.0401106366666667,0.03186291,0.0471938066666667,-0.04509359,-0.0494308533333333,-0.0409579066666667,0.0279600233333333,0.0036703,-0.00395612333333333,0.01144698,0.76185808,0.89756942,0.557638563333333,0.943365746666667,0.0576716633333333,1.89422500666667,300
1.2,1.5,0.05100308,0.04336322,0.05836709,-0.04660434,-0.0517815533333333,-0.0416029466666667,0.03376774,-0.00205918666666667,-0.00919559,0.00553520333333333,0.763294866666667,0.91440291,0.563986546666667,0.943740263333333,0.0707725966666667,1.88660884,300
1.2,1.6,0.0671456823529412,0.0505949058823529,0.0830827647058824,-0.0405860588235294,-0.0486667411764706,-0.0329634,0.0400643529411765,-0.00361795294117647,-0.0173638941176471,0.00972101176470588,0.758351011764706,0.957178082352941,0.563576929411765,0.942231811764706,0.0830954588235294,1.86176727058824,85
