"a1_val","gam_val","mean_TM","LCI_Tm","UCI_Tm","mean_Rj","LCI_Rj","UCI_Rj","Gift","Neutral","LCI_Neutral","UCI_Neutral","M","Beta","M_m","F_m","Mf_nupt","Mf_no_nput"
0.1,1.5,0.2318248,0.22798567,0.23559847,0.18612386,0.15635025,0.21320624,0.52714171,0.0058666,-0.00948058,0.0221614,0.87124743,2.03851281,0.74032995,1.13747367,1.38339893,1.29426347
0.1,2,0.23808717,0.23388358,0.24215218,0.26024527,0.22488336,0.29352267,0.51384625,0.0046611,-0.01253833,0.02065818,0.91232599,2.41560172,0.80325404,1.17512266,1.30103013,1.35681761
0.1,2.5,0.24934784,0.24489798,0.25379139,0.38678081,0.34851167,0.41980612,0.50788863,0.00325402,-0.01490097,0.02153702,1.00464154,2.72535343,0.90976175,1.26457886,1.1634232,1.47751246
0.1,3,0.2555839,0.25127629,0.26001164,0.45881399,0.4165201,0.50042869,0.50087902,-0.01181343,-0.03442457,0.00784047,1.07373348,3.14681804,0.99046687,1.33570333,1.06789627,1.58172209
0.1,3.5,0.26108632,0.25655398,0.26559226,0.58975243,0.54918514,0.62552015,0.49071025,-0.00074756,-0.01884976,0.01799992,1.21556,3.59995421,1.13856807,1.49384906,0.90575406,1.78407466
0.1,4,0.26733914,0.26236077,0.27237642,0.65123154,0.60729747,0.69313891,0.47692916,0.00641529,-0.01275751,0.024566,1.34924148,3.89581916,1.27937751,1.62131562,0.79605557,1.87317348
0.1,4.5,0.27920669,0.27376725,0.28436,0.75768696,0.71423805,0.79531014,0.45508916,-0.00604095,-0.02617775,0.01457487,1.57376911,4.38460242,1.5126611,1.84008765,0.64457561,2.09008934
0.1,5,0.286524244897959,0.278971326530612,0.293341387755102,0.778198989795918,0.727176765306122,0.821840387755102,0.428476244897959,0.000210336734693878,-0.0198652857142857,0.0229677959183673,1.69518567346939,4.96549202040816,1.64908840816327,1.92003616326531,0.563949887755102,2.13697246938775
0.1,5.5,0.299528757894737,0.291070968421053,0.307532936842105,0.834333610526316,0.777786884210526,0.882380557894737,0.3933938,-0.00757418947368421,-0.0271249789473684,0.0110033157894737,1.90816835789474,5.12544918947368,1.86823861052632,2.12079607368421,0.425842673684211,2.32725265263158
0.2,1.5,0.31358698,0.30823463,0.31842019,0.16282671,0.13609486,0.18826633,0.46292603,0.00317813,-0.01135703,0.01766319,0.85673287,2.033601,0.72566831,1.12093059,1.1748824,1.39596412
0.2,2,0.33611262,0.3296232,0.34208294,0.22886029,0.19254016,0.26172948,0.45886691,0.01393584,-0.00372147,0.03280564,0.90673036,2.36722969,0.80192783,1.15399281,1.09376236,1.43021665
0.2,2.5,0.3496502,0.34361874,0.35526778,0.32999338,0.29531438,0.36302435,0.4510438,-0.000406489999999999,-0.01832187,0.01835438,0.96607858,2.73222248,0.87458088,1.21545627,0.98977602,1.53125199
0.2,3,0.35165716,0.34588385,0.35751992,0.37547914,0.32551345,0.41872725,0.44387506,0.01447943,-0.00298806,0.03214457,1.0168022,2.99650801,0.93070975,1.27574689,0.95484815,1.59898928
0.2,3.5,0.36461685,0.35781506,0.3712156,0.4637929,0.4180972,0.50664032,0.4373725,0.01066065,-0.00967627,0.02955085,1.10567457,3.40334124,1.03555824,1.34407837,0.85325207,1.64269131
0.2,4,0.3789991,0.37283882,0.38510698,0.58009237,0.54204178,0.61344635,0.43334691,0.01666848,-0.00082817,0.0346216,1.21442799,3.73725398,1.15115116,1.45151863,0.75680795,1.76844507
0.2,4.5,0.39076737,0.38353913,0.3986478,0.64658908,0.6020924,0.6835344,0.42086265,-0.00487823,-0.02404554,0.01493717,1.33339318,4.09842913,1.27198148,1.58399726,0.66985385,1.89341606
0.2,5,0.40134955,0.39404812,0.40856078,0.738583,0.70335783,0.76932519,0.40914857,0.01630121,-0.00506984,0.03787333,1.50834526,4.30822412,1.45340236,1.74479995,0.56562555,2.01435165
0.2,5.5,0.40480172,0.39660399,0.41308697,0.75499148,0.70404027,0.79987374,0.38490814,0.00456961,-0.0148033,0.02412819,1.62539906,4.819256,1.57975564,1.84950348,0.48020069,2.10697351
0.3,1.5,0.3585662,0.35253898,0.36487946,0.13026056,0.10385432,0.1534888,0.4130388,-0.00782125,-0.02396244,0.00915995,0.85777273,1.98000652,0.73268831,1.1048952,1.01569925,1.48985462
0.3,2,0.37874626,0.37163902,0.38589132,0.18568015,0.15453127,0.2163588,0.40887738,-0.00205035,-0.01671814,0.01398638,0.88381735,2.20226678,0.77933121,1.1145855,0.95351152,1.50668104
0.3,2.5,0.40112199,0.39498311,0.40709164,0.25574291,0.21223131,0.29120422,0.40673426,-0.00091966,-0.01751982,0.01848958,0.93726873,2.53923134,0.84465707,1.17258378,0.87558041,1.51910415
0.3,3,0.42024393,0.41431884,0.4270771,0.39622732,0.35980329,0.4280503,0.40273467,0.00334436,-0.01185524,0.02009013,1.02002355,2.87633243,0.93424974,1.26480448,0.80590967,1.63149919
0.3,3.5,0.43395003,0.42743276,0.4401455,0.44293338,0.39574921,0.4861226,0.39944009,-0.01398282,-0.03281354,0.00511317,1.08971755,3.08868744,1.01709162,1.31515471,0.75367796,1.6337715
0.3,4,0.43846312,0.43065678,0.44616376,0.47470825,0.43023642,0.51634224,0.39016585,-0.0228514,-0.03978838,-0.00330154,1.12296106,3.39237673,1.06142255,1.33273999,0.69123513,1.6826576
0.3,4.5,0.45951545,0.45184195,0.468102,0.59790151,0.55877436,0.63387253,0.38456679,-0.00392358,-0.02164499,0.01444106,1.26806228,3.77829724,1.21051296,1.48561636,0.61335281,1.8210715
0.3,5,0.4606728,0.45285441,0.46856139,0.640658,0.59404198,0.68267658,0.37364273,-0.01542419,-0.03513165,0.0050274,1.34390854,4.22966955,1.29553149,1.54941619,0.54044998,1.89067876
0.3,5.5,0.47930998,0.46721995,0.48929487,0.71290017,0.6687038,0.7532603,0.36347592,-0.0015676,-0.02294574,0.01970139,1.49137651,4.35569398,1.44486357,1.6972739,0.47775068,2.03419823
0.4,1.5,0.37083089,0.36375099,0.37758517,0.09769695,0.07297318,0.1194131,0.35613321,0.0039186,-0.01219992,0.02053889,0.83229126,1.85883409,0.70289054,1.07109709,0.89173036,1.58632839
0.4,2,0.41188502,0.40498695,0.41917941,0.20195922,0.17793228,0.23017415,0.36866423,0.00484446,-0.00917211,0.01955153,0.89071245,2.17864839,0.77785285,1.13599877,0.84934393,1.58977087
0.4,2.5,0.43004679,0.42363197,0.43663422,0.24613262,0.2127871,0.27880376,0.36985847,0.00486036,-0.01165156,0.02081409,0.92048152,2.42608398,0.82248747,1.15783441,0.79684986,1.59515593
0.4,3,0.44724116,0.4391889,0.45429595,0.30237192,0.26322041,0.33962346,0.36614732,-0.003083,-0.02049474,0.01458829,0.96685469,2.75422236,0.88518489,1.19181835,0.74925093,1.59448105
0.4,3.5,0.47238035,0.46554439,0.47934143,0.38308997,0.34725925,0.4166427,0.36673067,0.00104643,-0.01987788,0.02181036,1.02432598,2.97758494,0.95029295,1.24508259,0.7031873,1.6507784
0.4,4,0.48024396,0.47281668,0.48729914,0.4548199,0.41275674,0.48969418,0.36260207,-0.01208086,-0.03098533,0.00833214,1.10352274,3.33676385,1.03917338,1.31697435,0.63984675,1.69186533
0.4,4.5,0.50120074,0.49283807,0.50946164,0.54640698,0.50489932,0.58353126,0.35563205,0.00288269,-0.01744232,0.02212012,1.2142471,3.52339732,1.1582139,1.41263204,0.56661349,1.79386458
0.4,5,0.50801886,0.49958141,0.51699042,0.59358742,0.54889647,0.62963817,0.34844964,0.00877632,-0.0126742,0.03087861,1.27555221,3.98684413,1.22358518,1.48366359,0.5227046,1.83206439
0.4,5.5,0.50793205,0.49832692,0.51840971,0.59643272,0.54157207,0.64821943,0.33312628,-0.01169551,-0.03475974,0.012081,1.3466217,4.11146866,1.29969018,1.54091821,0.49318816,1.91571588
0.5,1.5,0.36662109,0.35989927,0.37373507,0.07768035,0.0536175,0.10038634,0.31351764,-0.00055049,-0.01355896,0.01303763,0.83478338,1.81043277,0.70204862,1.07450759,0.79522143,1.72052997
0.5,2,0.40994045,0.40205929,0.41761817,0.14530185,0.11941396,0.17045927,0.32579188,0.01303993,-0.00305725,0.03024862,0.86174708,2.0664038,0.74362067,1.10418385,0.75807407,1.67146335
0.5,2.5,0.4511098,0.44448649,0.45717151,0.21665345,0.18366895,0.24482254,0.33302878,-0.00267721,-0.01746707,0.01197649,0.90792573,2.37012701,0.80845253,1.14379376,0.73580655,1.6390222
0.5,3,0.46699914,0.45784795,0.47632572,0.28773922,0.25558791,0.31918048,0.33643675,-0.00298983,-0.02150306,0.01617514,0.95811335,2.56183722,0.870018,1.18146495,0.69148656,1.65698899
0.5,3.5,0.48339013,0.47660999,0.49055708,0.32955115,0.29837678,0.35726078,0.33412649,0.01344522,-0.0053874,0.03048616,0.98714904,2.82240952,0.91346093,1.19387688,0.64130459,1.6565832
0.5,4,0.49982715,0.4901506,0.50916291,0.38597427,0.33778148,0.42864498,0.3282881,0.00402518,-0.01385026,0.02272299,1.0568278,3.0509083,0.98770477,1.26849088,0.60187586,1.73109212
0.5,4.5,0.51664251,0.50801132,0.5250027,0.47383452,0.43135889,0.51401028,0.33002982,0.00165025,-0.01772511,0.02191107,1.14383406,3.35603857,1.08194733,1.35191715,0.55103463,1.77005248
0.5,5,0.52747895,0.51933626,0.53597773,0.55499589,0.51656398,0.59043759,0.31760523,-0.01626158,-0.03841857,0.00538042,1.23769373,3.4864038,1.17539337,1.45562926,0.49106434,1.85774201
0.5,5.5,0.53560303,0.52590077,0.54512241,0.55524771,0.50284747,0.60813868,0.31328666,0.00523183,-0.01364928,0.02443259,1.28181265,3.83067294,1.23302204,1.47333941,0.4923185,1.84934917
0.6,1.5,0.35197908,0.34399544,0.35949725,0.03670946,0.01765529,0.05798985,0.27174615,0.00325928,-0.01222445,0.0179812,0.82059067,1.69448355,0.6817606,1.05548908,0.67930931,1.79840645
0.6,2,0.40931487,0.40220028,0.41630743,0.12783177,0.10376993,0.1510317,0.29015868,0.00482868,-0.01171532,0.02053183,0.84989561,2.00075272,0.72665408,1.09630849,0.69288529,1.7396167
0.6,2.5,0.45000056,0.44296844,0.45713747,0.1572924,0.12615108,0.18407727,0.3021382,0.0037355,-0.01292535,0.01891423,0.87612457,2.20883865,0.77021398,1.10998052,0.68995982,1.69090839
0.6,3,0.47263124,0.46344497,0.48124004,0.22110701,0.18873889,0.25124913,0.30156688,0.01704649,0.000497339999999998,0.03440183,0.91410597,2.41952047,0.82045208,1.13995733,0.65296339,1.69158629
0.6,3.5,0.49685575,0.48829219,0.50518599,0.26854244,0.23071343,0.30586528,0.30813561,-0.01017313,-0.02847212,0.0084273,0.95974353,2.69343329,0.87491423,1.1871411,0.64093673,1.70416883
0.6,4,0.51378406,0.50525295,0.52273278,0.35813522,0.32217782,0.39471421,0.30288029,-0.00767293,-0.02531172,0.00882707,1.02337855,2.94529616,0.9455058,1.25153652,0.57478782,1.75476792
0.6,4.5,0.53178283,0.52228673,0.54195265,0.42854646,0.39201087,0.46500095,0.30408152,0.0095517,-0.01076494,0.03041631,1.09124861,3.16293312,1.02062165,1.3126538,0.52539629,1.75760445
0.6,5,0.54435057,0.53538899,0.55278621,0.4869229,0.44672611,0.52054454,0.30143948,0.00232002,-0.01499321,0.01985606,1.16497129,3.35359169,1.10548401,1.36569741,0.49663918,1.82653157
0.6,5.5,0.56131823,0.55112183,0.57233601,0.55763574,0.51727316,0.59201781,0.29356422,0.00088942,-0.02013493,0.02201385,1.2449027,3.69808781,1.19762532,1.42042883,0.43156104,1.83874334
0.7,1.5,0.33091443,0.31808964,0.34095955,0.04105636,0.02344593,0.05834221,0.23408639,-0.00286431,-0.02030819,0.01302462,0.82926457,1.61010725,0.67419664,1.07637966,0.61322576,1.95184588
0.7,2,0.39886416,0.39199649,0.40549698,0.08804012,0.06436401,0.11077232,0.26021987,-0.0041432,-0.01858748,0.01246776,0.84220572,1.87920284,0.70952514,1.09104753,0.63625626,1.84303954
0.7,2.5,0.44306345,0.43589923,0.45066482,0.14338904,0.11411914,0.16936748,0.27242789,-0.0029283,-0.01679946,0.01201543,0.87367026,2.11511329,0.7646356,1.10318685,0.60600614,1.78069258
0.7,3,0.48220131,0.47462002,0.490353,0.21798372,0.18354894,0.24819451,0.27859701,0.00359795,-0.01110575,0.01891888,0.92084377,2.38136442,0.8263088,1.14537056,0.58296833,1.72950501
0.7,3.5,0.50660705,0.49957631,0.51416061,0.27999858,0.25355229,0.30643481,0.28365649,0.01327719,-0.000161050000000001,0.02827379,0.95339569,2.55629311,0.86826186,1.17086859,0.57550822,1.7209442
0.7,4,0.52174537,0.51212352,0.53082413,0.3160455,0.27694473,0.3509903,0.28286542,0.00332434,-0.01460322,0.0197156,0.99171161,2.79966115,0.91431497,1.20804944,0.53933505,1.75547267
0.7,4.5,0.54240889,0.53310407,0.55158829,0.39514998,0.35741795,0.43092976,0.2806426,0.01445292,-0.00555756,0.03560035,1.07019013,2.95327165,1.00006373,1.2777758,0.49770718,1.76863985
0.7,5,0.55256033,0.54117765,0.56348231,0.43546009,0.39441904,0.47634219,0.27364817,-0.00733225,-0.02622399,0.01052293,1.10718528,3.21815249,1.04645527,1.30126376,0.46533725,1.80465124
0.7,5.5,0.56245742,0.55360297,0.57053337,0.49532176,0.45828442,0.53047643,0.27230996,0.01534874,-0.00649342,0.03645389,1.18412337,3.47249775,1.12737573,1.37825224,0.44110672,1.88665728
0.8,1.5,0.31922959,0.31161838,0.3270713,0.01400048,-0.00293308,0.03069126,0.20436928,-0.00038057,-0.01421131,0.01361275,0.81696169,1.52809536,0.65984873,1.05670716,0.55121174,2.00743592
0.8,2,0.38677963,0.37753994,0.39584158,0.04566806,0.02176949,0.06695997,0.23342302,0.00920963,-0.00515739,0.02239211,0.82923461,1.78130216,0.69622142,1.06512127,0.57580951,1.87792961
0.8,2.5,0.43759374,0.42998312,0.44508822,0.12211714,0.09474139,0.14732915,0.24510819,0.00318744,-0.01168731,0.01698003,0.86955847,2.01611444,0.75618117,1.09823154,0.56346336,1.83119442
0.8,3,0.47157888,0.46303141,0.48046015,0.1907483,0.16065989,0.2190445,0.25079974,0.01119809,-0.00517026,0.026228,0.89657311,2.24343029,0.79638297,1.12055033,0.54842353,1.77754676
0.8,3.5,0.50230746,0.49520047,0.50923481,0.24963031,0.22271394,0.27730605,0.25960527,-0.01156427,-0.03079908,0.00705985,0.92635643,2.45988531,0.83340415,1.15355802,0.51628988,1.77991519
0.8,4,0.52816849,0.51953682,0.53601629,0.29454865,0.26188644,0.3260134,0.25775494,-0.01696113,-0.03572051,0.00263158,0.98250626,2.64094211,0.90098823,1.19778872,0.50048134,1.77532076
0.8,4.5,0.53718529,0.52776628,0.54714607,0.32060843,0.2828922,0.35772532,0.26363143,0.00620047,-0.01137149,0.02404855,0.99599813,2.87006798,0.92106918,1.2083155,0.49388154,1.7809044
0.8,5,0.5545858,0.54577927,0.5639116,0.41510924,0.38099859,0.44593187,0.25614603,0.00666498,-0.01078281,0.02590881,1.08239416,3.17268832,1.01619453,1.2906767,0.44548086,1.85856161
0.8,5.5,0.57495362,0.56517239,0.585154,0.46372699,0.42551228,0.49960605,0.25552586,-0.01256371,-0.03468687,0.00691634,1.12874247,3.31624637,1.06935102,1.32483052,0.40870002,1.85878909
0.9,1.5,0.28121066,0.2658043,0.29403103,0.01860619,0.00230933,0.03322694,0.17060219,-0.00311852,-0.0167675,0.00942771,0.82204745,1.41604205,0.64425369,1.0703402,0.45640267,2.18484626
0.9,2,0.37269199,0.36442005,0.38002084,0.0503995,0.03253739,0.06971443,0.2092069,0.000194910000000001,-0.01674725,0.01767124,0.82678576,1.73881153,0.68730164,1.06807428,0.52188467,1.97634415
0.9,2.5,0.43040914,0.42316301,0.43785666,0.09871625,0.07294929,0.12213134,0.22657645,0.00465066,-0.00905177,0.01867413,0.84408357,1.95095647,0.7240064,1.07691955,0.52031775,1.87239068
0.9,3,0.4585268,0.45054746,0.46612478,0.15866264,0.13255866,0.18629559,0.23086306,-0.00094238,-0.01659842,0.0145158,0.88922869,2.09722755,0.7774326,1.12404914,0.50935164,1.88396789
0.9,3.5,0.49051939,0.48221423,0.49770359,0.19262938,0.16317307,0.22206982,0.23684103,-0.00302672,-0.02027736,0.01313421,0.90259927,2.34684029,0.80971936,1.11921256,0.49785675,1.77929998
0.9,4,0.52064979,0.51131005,0.53055077,0.26012261,0.22493956,0.29338127,0.23807675,0.01858399,0.000230500000000001,0.034873,0.95129232,2.58568378,0.8669678,1.16854992,0.470858,1.81491839
0.9,4.5,0.54371082,0.53378292,0.55286255,0.31664393,0.2830538,0.35056666,0.24487625,0.00787819,-0.00936105,0.02668451,1.00351135,2.75408553,0.9240603,1.22311594,0.4582247,1.80105384
0.9,5,0.55097925,0.54186257,0.56146281,0.31984807,0.27519176,0.36451171,0.23842291,-0.00402619,-0.02190487,0.01365829,1.01117515,2.95598425,0.94219676,1.21509816,0.44521191,1.82638176
0.9,5.5,0.57329688,0.56401774,0.58288686,0.39106953,0.35232282,0.42363724,0.23813511,-0.01044665,-0.02817748,0.00644895,1.08661863,3.17086802,1.02661099,1.275239,0.40629385,1.80240896
1,1.5,0.2679801,0.25804876,0.27680381,-0.00616689,-0.01802744,0.00562812,0.14984435,-0.00131309,-0.01544867,0.01295772,0.80938502,1.38935184,0.63680718,1.04827619,0.41895027,2.22541553
1,2,0.35332794,0.34515634,0.36183223,0.02436626,0.00731245,0.0407229,0.18388502,0.00987061,-0.00361303,0.02287174,0.81720148,1.62426486,0.67046038,1.05498655,0.46688696,2.04336911
1,2.5,0.40246939,0.38809657,0.4133963,0.08950196,0.06608305,0.11233678,0.19514395,0.00557364,-0.01015032,0.02051634,0.8550925,1.81276919,0.72497566,1.08809344,0.46517043,1.97052996
1,3,0.45268167,0.44404726,0.46089018,0.13558992,0.11166854,0.16060805,0.2112631,-0.00482604,-0.01853406,0.00797773,0.8772229,2.04932138,0.76925478,1.0977133,0.47453086,1.86826452
1,3.5,0.48773516,0.47894665,0.4957474,0.17922731,0.14614268,0.21092224,0.22042997,0.00054702,-0.01574333,0.01808515,0.90221023,2.25188956,0.8025875,1.12493152,0.47094425,1.85642652
1,4,0.50842568,0.50082987,0.51662835,0.2346741,0.2039862,0.26241096,0.22203463,0.00836896,-0.0080117,0.02408428,0.92448048,2.50789648,0.83208121,1.15450794,0.44102869,1.84716689
1,4.5,0.52782965,0.51792149,0.53750663,0.24497867,0.20903996,0.28077936,0.21919195,-0.00476492,-0.0191579,0.00974106,0.95345024,2.61087327,0.87045846,1.16996589,0.44169977,1.83725895
1,5,0.55782449,0.54782242,0.56901273,0.30878342,0.26767202,0.34606495,0.23379741,0.01047433,-0.0077783,0.02944977,0.98718871,2.83287929,0.91553413,1.18928334,0.43268458,1.81909878
1,5.5,0.57128266,0.56104319,0.58042214,0.3656713,0.32890704,0.39791605,0.22562154,-0.00747834,-0.02715791,0.01125034,1.04121538,3.03486866,0.97640707,1.23721262,0.39783341,1.81895497
1.1,1.5,0.23916352,0.22395533,0.25195295,-0.01479725,-0.02729408,-0.00373485,0.13013809,-0.00413512,-0.01728791,0.00805542,0.81648395,1.32444369,0.62954368,1.06151257,0.35941716,2.32865095
1.1,2,0.32426477,0.30766834,0.33901643,0.02797401,0.01164235,0.04411292,0.1600925,-0.0043168,-0.01863069,0.00948822,0.81335391,1.60597264,0.65307894,1.06742119,0.41309724,2.15544632
1.1,2.5,0.39640878,0.38871592,0.40365747,0.06382017,0.04503727,0.08350279,0.18084667,0.00308169,-0.01378396,0.02022176,0.81787263,1.8225514,0.68059267,1.0670848,0.45128365,2.01100954
1.1,3,0.43456457,0.42727738,0.44226324,0.10213637,0.07832197,0.12535042,0.1946937,-0.00228665,-0.01709896,0.01194277,0.85235014,1.97400185,0.73518603,1.08413376,0.44324881,1.94597074
1.1,3.5,0.47396546,0.46466497,0.48295192,0.15271178,0.12106621,0.18302294,0.20195893,-0.00864541,-0.02504892,0.00743867,0.88475355,2.16137234,0.77447703,1.12277389,0.44806308,1.9013551
1.1,4,0.50457907,0.49613801,0.51285278,0.20793657,0.1756532,0.23782557,0.20676704,0.00248691,-0.01383806,0.01747774,0.91286048,2.35221363,0.81509903,1.14172602,0.43329481,1.86732455
1.1,4.5,0.52875369,0.52029754,0.53736334,0.21941817,0.18550001,0.25433242,0.2110151,0.00416316,-0.01455299,0.02282088,0.92523318,2.56916984,0.83805204,1.15039271,0.43431517,1.82168481
1.1,5,0.55537655,0.54695749,0.5641517,0.29534364,0.25743102,0.32969133,0.21395498,0.00556826,-0.01198598,0.02187668,0.99231205,2.7243819,0.92139346,1.18590266,0.38854194,1.83440594
1.1,5.5,0.56830837,0.56090031,0.57620259,0.32964831,0.29131903,0.37034897,0.20915492,-0.00057681,-0.01857554,0.01607076,1.03066719,2.89120049,0.9588145,1.23936599,0.38523636,1.85549771
1.2,1.5,0.21506928,0.20060182,0.22930585,-0.01590924,-0.02608383,-0.00600236,0.1085785,-0.00822821,-0.02070176,0.00363119,0.80772538,1.27547517,0.61640043,1.04911515,0.30751887,2.41960471
1.2,2,0.30839034,0.29678407,0.31892272,0.00701771,-0.00842464,0.02384057,0.14277379,0.01036557,-0.00516465,0.02673858,0.8144579,1.49700955,0.65133142,1.05717791,0.36665335,2.22006558
1.2,2.5,0.37700436,0.36725767,0.38530584,0.04745803,0.0291016,0.06552172,0.1629751,-0.00139355,-0.01559437,0.01196875,0.81306468,1.69743843,0.66460979,1.06315458,0.42204257,2.10701007
1.2,3,0.42392923,0.41489441,0.43170957,0.09284295,0.06786642,0.11536374,0.17718152,0.00525953,-0.00950905,0.0188769,0.84541477,1.9141706,0.71758842,1.08748584,0.41255884,2.01311443
1.2,3.5,0.46241344,0.45387988,0.47028395,0.15451724,0.1280452,0.17830284,0.18756822,0.00449228,-0.00933594,0.01842239,0.87945921,2.07372959,0.76925977,1.10802367,0.40667153,1.92764716
1.2,4,0.48881963,0.48082261,0.49691162,0.17352042,0.14250304,0.2021889,0.19043851,-0.01658466,-0.03328684,0.00070438,0.88768109,2.281391,0.78786762,1.11394168,0.40893691,1.89470868
1.2,4.5,0.52461258,0.51425554,0.53531373,0.20353989,0.16453147,0.24057264,0.1943384,0.00943645,-0.00671994,0.02634218,0.92313156,2.44900086,0.83302756,1.1413251,0.40561846,1.85665629
1.2,5,0.54480678,0.53575984,0.55392428,0.2846957,0.25249717,0.31662803,0.20020233,-0.00658084,-0.02503444,0.01118566,0.98778697,2.63747049,0.90915672,1.1950091,0.36119065,1.88883054
1.2,5.5,0.55531401,0.54625741,0.5634532,0.2879564,0.24768403,0.3248116,0.19625898,0.00675955,-0.01080099,0.02474929,0.9894122,2.79054895,0.91386844,1.19952312,0.3715324,1.88295898
1.3,1.5,0.20236719,0.18827727,0.21457036,-0.0076235,-0.01898054,0.0041725,0.09767021,-0.01180106,-0.02448888,0.00161933,0.81244374,1.2266065,0.61421073,1.05455036,0.27229063,2.46394553
1.3,2,0.28134161,0.27047904,0.28987067,-0.00028132,-0.01528723,0.01414937,0.12393574,-0.000813600000000001,-0.01324499,0.01117949,0.81585558,1.42117624,0.64583716,1.05603114,0.33559045,2.28290457
1.3,2.5,0.35682862,0.34942733,0.36455644,0.02957301,0.00973693,0.04989184,0.14742817,-0.00071742,-0.01344339,0.0111296,0.82355587,1.6620072,0.68095412,1.06045168,0.37815887,2.15017672
1.3,3,0.40911576,0.39531736,0.42078864,0.06638911,0.04245433,0.08822018,0.16247901,-0.0013809,-0.01579628,0.01270061,0.83630461,1.86532242,0.7003886,1.08774287,0.39497172,2.0757712
1.3,3.5,0.44754483,0.43854811,0.4569537,0.10546069,0.07798525,0.13376288,0.1714415,0.00922912,-0.004894,0.02326225,0.85910006,2.01335643,0.74239117,1.09157323,0.39654561,1.99790944
1.3,4,0.47778536,0.46852986,0.48674122,0.13161496,0.09894015,0.16057273,0.17532496,0.00348663,-0.01388311,0.01958852,0.87302,2.15813848,0.76978868,1.09564643,0.39569562,1.93268061
1.3,4.5,0.51415664,0.50578607,0.52168029,0.1825372,0.15035248,0.21149947,0.18730506,0.01331454,-0.00311403,0.02966202,0.9171127,2.34907574,0.825267,1.13126513,0.39200092,1.91091379
1.3,5,0.53248051,0.52357774,0.54190574,0.2312775,0.19905213,0.26445314,0.18500722,-0.00881732,-0.02613823,0.00772452,0.93905586,2.4907115,0.84727131,1.16805164,0.36881694,1.91668234
1.3,5.5,0.55128799,0.54142806,0.56117534,0.27764809,0.24409337,0.30895835,0.18527553,-0.01278773,-0.0311528,0.00681049,0.98345623,2.67897889,0.90858999,1.18411069,0.34155543,1.83935591
1.4,1.5,0.1799605,0.16768534,0.19094352,-0.02498208,-0.03488547,-0.01482377,0.08148344,-0.00751838,-0.02121455,0.00476435,0.8205731,1.14745938,0.61740882,1.0525728,0.2417519,2.52268952
1.4,2,0.26243319,0.24802515,0.27275596,-0.01236331,-0.02369359,-0.00070784,0.10977336,0.00850198,-0.00418043,0.02059165,0.81982665,1.35240531,0.64604111,1.053438,0.30424442,2.35868866
1.4,2.5,0.33707674,0.32851872,0.34571829,0.01347979,-0.00193611,0.02940547,0.13431696,-0.0054793,-0.02101943,0.01029243,0.81653159,1.57433677,0.66310897,1.05725599,0.35171919,2.16445529
1.4,3,0.39172214,0.38414629,0.3991064,0.04793575,0.02844254,0.06521181,0.15150539,0.00761637,-0.00679711,0.02149746,0.82341648,1.7550827,0.69126062,1.05479337,0.35784156,2.05506
1.4,3.5,0.42724175,0.41203477,0.43907993,0.09265063,0.06805097,0.1173213,0.15510619,0.00383726,-0.01129551,0.01941242,0.8466767,1.95420917,0.72255393,1.08737282,0.35947642,2.04189
1.4,4,0.47948026,0.46979596,0.48940905,0.12728073,0.09972968,0.15267514,0.16544214,-0.00823881,-0.02391854,0.00707735,0.87861197,2.11105475,0.77106158,1.10396904,0.37465149,1.95322209
1.4,4.5,0.49893819,0.48959629,0.50836676,0.21061665,0.18330088,0.23704246,0.17041933,-0.01498225,-0.03131689,0.00050919,0.92018958,2.28841116,0.82345485,1.14112479,0.35446025,1.9586246
1.4,5,0.520001,0.51099306,0.53037175,0.21128327,0.17771251,0.24531728,0.17335268,0.00245958,-0.01398438,0.01908347,0.9372553,2.4509016,0.84582999,1.16088839,0.35408726,1.9361638
1.4,5.5,0.54539379,0.53733886,0.55427517,0.25308586,0.21954333,0.28794196,0.1750413,-0.0023035,-0.02254351,0.01655023,0.96636468,2.55652557,0.88581344,1.17185643,0.3391074,1.89662661
1.5,1.5,0.13815163,0.11783627,0.15754987,-0.02193677,-0.03138485,-0.01211503,0.06425458,0.00301068,-0.01061501,0.0172994,0.82605912,1.09907466,0.61095181,1.05840356,0.18247528,2.63392388
1.5,2,0.24294186,0.22660148,0.25718654,-0.01664049,-0.0283521,-0.00483739,0.09739191,-0.00423432,-0.01556935,0.00679455,0.81203199,1.34108002,0.62617678,1.05785194,0.27512806,2.40597925
1.5,2.5,0.31576307,0.30180221,0.3261207,0.01714033,-0.00037561,0.03341027,0.11947169,-0.00572545,-0.01884834,0.00723077,0.81403172,1.54695043,0.65308241,1.06042208,0.32221334,2.2666488
1.5,3,0.3816022,0.37391313,0.38946753,0.03296876,0.01547281,0.04949827,0.13647581,-0.00242892,-0.016762,0.01200595,0.82772413,1.70697022,0.6881968,1.06428625,0.33937571,2.12379978
1.5,3.5,0.41709484,0.40819351,0.42511345,0.0681539,0.04775469,0.08868056,0.14232586,0.00711731,-0.00944914,0.02271506,0.83963432,1.82250171,0.70708342,1.08139934,0.35615017,2.05721677
1.5,4,0.46339265,0.45451775,0.47229592,0.10146975,0.07499766,0.12863858,0.15533139,0.00605098,-0.00818971,0.0228945,0.85731767,2.06924801,0.74285918,1.09297668,0.34809439,2.00531086
1.5,4.5,0.48422604,0.47430521,0.49338397,0.13982413,0.11358519,0.16852004,0.15841067,-0.00483193,-0.02192922,0.01239867,0.88083172,2.14508969,0.77846704,1.09689308,0.34559755,1.97430911
1.5,5,0.51772809,0.50958629,0.52635625,0.19988595,0.17011167,0.2272542,0.16368317,-0.01521272,-0.03131968,0.000260200000000001,0.92473258,2.36969881,0.83361781,1.13888678,0.33431731,1.97580726
1.5,5.5,0.53137612,0.52287406,0.54009708,0.21151233,0.17620824,0.24437754,0.16280609,4.78699999999998e-05,-0.01859608,0.01961659,0.92755005,2.50488433,0.83819548,1.15108347,0.33684665,1.92902018
1.6,1.5,0.1312057,0.11550327,0.14692458,-0.02631964,-0.03697685,-0.01586807,0.05410131,-0.00016746,-0.01276508,0.01147875,0.8308119,1.08930051,0.61515298,1.06271196,0.15823593,2.64880034
1.6,2,0.23046634,0.21711973,0.24185156,-0.02365931,-0.03462388,-0.0123275,0.08652695,0.00558111,-0.00720729,0.01824105,0.8124866,1.27591811,0.62586868,1.04751102,0.24165282,2.44810767
1.6,2.5,0.30740587,0.29686653,0.3166027,-0.00541617,-0.02004767,0.00936264,0.11165366,-0.00535167,-0.02052096,0.00754752,0.80413858,1.51601188,0.64116316,1.04875152,0.30905984,2.29166013
1.6,3,0.35990034,0.34609585,0.37116771,0.03292282,0.01595955,0.0522536,0.12412117,-0.00515197,-0.01909687,0.00843047,0.82368194,1.65659951,0.67275143,1.07107054,0.31705664,2.18977917
1.6,3.5,0.40384192,0.39049606,0.41424975,0.05223855,0.02714018,0.07536849,0.13572418,0.01785713,0.00402978,0.03135873,0.83400469,1.83212066,0.7038694,1.0684303,0.33641431,2.11143241
1.6,4,0.44124895,0.43346849,0.44903384,0.07819275,0.05463982,0.10215488,0.14104525,0.00141041,-0.01356458,0.0180018,0.84421851,1.91325024,0.72155798,1.07707179,0.33126015,2.06357606
1.6,4.5,0.48817121,0.47822056,0.49753775,0.134027,0.10987056,0.16019121,0.14975559,0.01222971,-0.00302409,0.02844564,0.86817932,2.16146586,0.75663631,1.10766061,0.33509725,1.98317343
1.6,5,0.50874091,0.49948383,0.51750506,0.19768069,0.17013421,0.22381038,0.15601717,-0.00236531,-0.01895878,0.01525383,0.91826478,2.29943532,0.82197693,1.1394616,0.32473628,1.97341743
1.6,5.5,0.52696387,0.51746193,0.53608216,0.18498726,0.15154404,0.2186102,0.15326029,-0.00073679,-0.01759422,0.01572517,0.91782111,2.39782632,0.82585909,1.1370362,0.32933546,1.94736449
1.7,1.5,0.10623941,0.08986684,0.1226351,-0.02215283,-0.03118287,-0.01291433,0.04424191,-0.01145149,-0.02502298,0.00149787,0.8268737,1.04279424,0.60237423,1.05898714,0.1249824,2.73146207
1.7,2,0.21094044,0.19709491,0.22321823,-0.01854065,-0.03045047,-0.00725456,0.0747737,0.00015401,-0.0122902,0.01295167,0.81623371,1.27784634,0.62204043,1.06138845,0.21537248,2.51820833
1.7,2.5,0.27677731,0.25831792,0.29169562,0.0015733,-0.01271315,0.01570565,0.09520589,-0.00787478,-0.02241765,0.00668215,0.81316449,1.43295824,0.63736755,1.06073848,0.25616119,2.35353014
1.7,3,0.34585871,0.33808016,0.35318657,0.00495626,-0.01235772,0.02257088,0.11786567,-0.0158579,-0.02932617,-0.00283041,0.81552104,1.61091514,0.66779791,1.05136325,0.30460043,2.23034781
1.7,3.5,0.39034699,0.38169546,0.3992988,0.02648727,0.00359111,0.04746132,0.12495411,-0.00538367,-0.02139894,0.010184,0.82006725,1.78310021,0.68558859,1.05937751,0.30550304,2.128039
1.7,4,0.43164587,0.42374375,0.44122515,0.09601443,0.07393093,0.1193291,0.13323158,0.00173317,-0.0129006,0.0149955,0.85244848,1.91746227,0.72228768,1.10062845,0.31662476,2.09926969
1.7,4.5,0.46298981,0.4542934,0.47119309,0.10936904,0.08411601,0.13484028,0.13942378,-0.00388722,-0.0172706,0.0105508,0.8538381,2.05474996,0.73999078,1.08688808,0.32183106,2.04898178
1.7,5,0.49272814,0.48297675,0.50296401,0.14297577,0.11562435,0.16996516,0.14352818,0.0067016,-0.01072735,0.02290729,0.88136932,2.23890749,0.77269973,1.12267009,0.31566023,2.01701885
1.7,5.5,0.50465159,0.48025764,0.5213809,0.1850942,0.15042778,0.21427232,0.14562271,0.01354802,-0.00144785,0.02840507,0.90805054,2.31469134,0.80645447,1.13618728,0.30604488,1.98255142
1.8,1.5,0.07744084,0.05989048,0.09347458,-0.02922231,-0.03803076,-0.02031653,0.03145577,0.00947458,-0.00235216,0.02048307,0.83738855,0.98698894,0.6023403,1.06667371,0.0987558,2.77182105
1.8,2,0.18377265,0.16935531,0.19643327,-0.01921936,-0.03013773,-0.00890944,0.06493351,0.00076802,-0.01131077,0.01383952,0.82311367,1.14959395,0.62143154,1.05156363,0.18937005,2.56085806
1.8,2.5,0.27351894,0.2659538,0.2814615,-0.01903617,-0.03329513,-0.0034116,0.09058547,0.00506165,-0.00876278,0.01915039,0.81003773,1.3759039,0.63551334,1.04894649,0.24611797,2.3822623
1.8,3,0.3205418,0.30235648,0.33614952,0.01347375,-0.00410184,0.03088772,0.10214664,0.00704704,-0.00548099,0.01934175,0.8184345,1.5052051,0.65910575,1.05357077,0.26543729,2.2850428
1.8,3.5,0.36934544,0.3507348,0.38434368,0.0463324,0.02804244,0.06622778,0.11436739,0.01072869,-0.00301437,0.02557136,0.83875826,1.68596722,0.69875687,1.06991879,0.28393453,2.21621161
1.8,4,0.4238517,0.41545198,0.43297056,0.07011479,0.04758163,0.09252004,0.12409655,0.01246416,-0.00212823,0.02574117,0.84268185,1.84249153,0.71701694,1.07397689,0.304109,2.12859206
1.8,4.5,0.46211078,0.45295491,0.47128355,0.10271109,0.07743348,0.12719773,0.13508661,-0.02032065,-0.03461254,-0.00554203,0.8590391,2.01255971,0.73724671,1.10297006,0.30530628,2.06926573
1.8,5,0.48096477,0.47307104,0.48879613,0.11277818,0.08540389,0.13861329,0.135714,0.00502642,-0.01275583,0.02226006,0.8706213,2.16140393,0.76524669,1.0978184,0.30465537,2.00343223
1.8,5.5,0.50457882,0.49632957,0.51374886,0.17351318,0.14278603,0.2022838,0.1396405,0.00459632,-0.01256244,0.02194882,0.91094035,2.23310093,0.80828314,1.13883762,0.2930772,2.01582382
1.9,1.5,0.07388118,0.0580589,0.08873123,-0.0268875,-0.03526822,-0.01790723,0.02955669,-0.00811204,-0.02186041,0.00591006,0.84910188,0.96088604,0.61669275,1.07025687,0.08654945,2.80809136
1.9,2,0.16191539,0.14654922,0.1788372,-0.02164801,-0.03058704,-0.01266044,0.05413288,-0.0043723,-0.01601801,0.00897753,0.82078172,1.14172424,0.61255376,1.05605104,0.1592648,2.64264654
1.9,2.5,0.24460048,0.22410124,0.2615189,-0.01604019,-0.02940387,-0.00285697,0.07882443,-0.0072347,-0.02054981,0.00738593,0.81739813,1.33652345,0.64027469,1.0505856,0.2232272,2.44076832
1.9,3,0.31167652,0.2993119,0.32306182,0.00989061,-0.00440927,0.02355131,0.09398646,-0.00572877,-0.01998996,0.00825167,0.80504078,1.53630606,0.63667461,1.05977576,0.26394103,2.33692869
1.9,3.5,0.35673646,0.34380705,0.36761718,0.02952713,0.00962108,0.04925865,0.10692646,0.00739428,-0.00622603,0.01945843,0.81645113,1.64744697,0.66646216,1.06140435,0.27151289,2.24329539
1.9,4,0.40109692,0.38580639,0.41493951,0.06512947,0.0445195,0.08566917,0.11632078,0.0175194,0.00261572,0.03273231,0.83726098,1.8087062,0.70463647,1.07377239,0.28678742,2.16744756
1.9,4.5,0.44537178,0.43680343,0.45343871,0.09542087,0.07038733,0.11707378,0.12223306,0.0029525,-0.01297185,0.01786796,0.84499308,1.96884554,0.72996326,1.07028475,0.27541639,2.07138073
1.9,5,0.46711089,0.4507015,0.47981786,0.10326612,0.07748,0.12891615,0.12801431,0.01289099,-0.00139842,0.02772262,0.86373631,2.09457886,0.7499678,1.09768964,0.29427127,2.05696074
1.9,5.5,0.50390079,0.49277378,0.51401436,0.17421406,0.1442296,0.20589732,0.1313879,0.00127408,-0.01504405,0.01747917,0.90892724,2.17901493,0.80568436,1.1321358,0.27195527,2.05490975
2,1.5,0.0667194,0.05345259,0.08044267,-0.03834605,-0.0479137,-0.02891422,0.02488649,0.00244607,-0.0098871,0.01491901,0.84719522,0.95342082,0.61255171,1.06930708,0.07479601,2.84264915
2,2,0.16267189,0.14929962,0.17530235,-0.02780591,-0.03913109,-0.01663292,0.05245721,0.0058371,-0.00618059,0.01872577,0.82001007,1.1329178,0.60593101,1.05927686,0.15083767,2.65875363
2,2.5,0.22669456,0.21179377,0.24007864,-0.01468466,-0.02667856,-0.00291913,0.07163184,-0.00426849,-0.01753204,0.00744187,0.82299631,1.2837089,0.63587499,1.06055666,0.19808828,2.51553923
2,3,0.28107333,0.26452536,0.29529981,-0.00462396,-0.0199352,0.0089732,0.0827704,0.00222755,-0.01222729,0.01687133,0.81707333,1.42717532,0.6475092,1.05567061,0.22126076,2.38518939
2,3.5,0.34434607,0.32743605,0.3599243,0.01692004,-0.00243175,0.03545425,0.09988933,-0.00481705,-0.01917123,0.00983387,0.82287397,1.5892949,0.67603865,1.05235776,0.25763769,2.25414461
2,4,0.39471047,0.38673619,0.40260827,0.05708152,0.03596769,0.07774933,0.10861029,0.00679779,-0.00921894,0.02177961,0.83415669,1.79066417,0.69679015,1.07802975,0.26554045,2.18915857
2,4.5,0.42916231,0.41957099,0.43820333,0.0857406,0.06281601,0.10823002,0.1129714,0.00633058,-0.00801832,0.02039009,0.84635895,1.8875238,0.72503204,1.0748966,0.25519877,2.11094698
2,5,0.46151576,0.45254077,0.47014782,0.11980842,0.09381423,0.14486399,0.11984795,-0.00527413,-0.01977867,0.00926517,0.86642984,2.04127097,0.75207447,1.09917469,0.27651595,2.08399019
2,5.5,0.48588304,0.4762902,0.49642106,0.15259016,0.12509492,0.17794496,0.12434979,-0.01077003,-0.02733976,0.00520112,0.87779927,2.17033292,0.76736667,1.11610069,0.2665452,2.08010413
